N_Instances	Dim	Eps	minPts	mediaPuntosCluster	minimoInstanciaCluster	nClusters	Metric
10000	150	19.871000000000002	1	196.07843137254903	-9.223372036854776e+18	51.0	0.4136870503425598