N_Instances	Dim	Eps	minPts	mediaPuntosCluster	maximoInstanciaCluster	nClusters	Metric
10000	150	18.883000000000003	1	112.35955056179775	9.223372036854776e+18	89.0	0.38711169362068176