N_Instances	Dim	Eps	minPts	mediaPuntosCluster	nClusters	Metric
5000	150	10.622	1	4.393673110720562	1138.0	0.17699995636940002