N_Instances	Dim	Eps	minPts	mediaPuntosCluster	nClusters	Metric
10000	150	18.741	1	104.16666666666667	96.0	0.3830414116382599